{
    "disease": "Heart Failure",
    "symptoms": [
        "Shortness of breath",
        "Fatigue",
        "Swelling in legs, ankles, and feet",
        "Rapid or irregular heartbeat",
        "Persistent cough or wheezing"
    ],
    "risk_factors": [
        "High blood pressure",
        "Coronary artery disease",
        "Diabetes",
        "Obesity",
        "Smoking"
    ],
    "diagnostic_criteria": [
        "Ejection fraction < 40%",
        "Elevated BNP or NT-proBNP",
        "Evidence of structural heart disease",
        "Signs and symptoms of heart failure"
    ],
    "treatment_options": [
        "ACE inhibitors",
        "Beta blockers",
        "Diuretics",
        "Lifestyle modifications",
        "Regular monitoring"
    ]
} 