{
    "patient_id": "001",
    "visit_date": "2024-03-15",
    "chief_complaint": "Shortness of breath and fatigue",
    "history_of_present_illness": "Patient reports increasing shortness of breath over the past week, particularly with exertion. Also experiencing fatigue and occasional swelling in the ankles.",
    "past_medical_history": [
        "Hypertension",
        "Type 2 Diabetes",
        "Coronary Artery Disease"
    ],
    "vital_signs": {
        "blood_pressure": "140/90",
        "heart_rate": "95",
        "respiratory_rate": "20",
        "oxygen_saturation": "94%"
    },
    "physical_exam": {
        "lungs": "Bilateral crackles in lower lobes",
        "heart": "Regular rate and rhythm, S3 gallop present",
        "extremities": "2+ pitting edema in bilateral lower extremities"
    },
    "diagnosis": "Acute decompensated heart failure",
    "treatment_plan": [
        "Start diuretics",
        "Adjust blood pressure medications",
        "Follow up in 1 week"
    ]
} 