{
  "query": "My neck has been hurting for 2 years now the pain doesnt go away\n",
  "retrieved_docs": [
    {
      "id": "kg-heart_failure",
      "content": "# Heart Failure\n\n## Symptoms\n- Shortness of breath\n- Fatigue\n- Swelling in legs, ankles, and feet\n- Rapid or irregular heartbeat\n- Persistent cough or wheezing\n\n## Risk Factors\n- High blood pressure\n- Coronary artery disease\n- Diabetes\n- Obesity\n- Smoking\n\n## Diagnostic Criteria\n- Ejection fraction < 40%\n- Elevated BNP or NT-proBNP\n- Evidence of structural heart disease\n- Signs and symptoms of heart failure\n\n## Treatment Options\n- ACE inhibitors\n- Beta blockers\n- Diuretics\n- Lifestyle modifications\n- Regular monitoring",
      "metadata": {
        "type": "knowledge_graph",
        "disease_category": "heart_failure"
      },
      "score": 0.0
    },
    {
      "id": "note-001",
      "content": "Chief Complaint: Shortness of breath and fatigue\n\nHistory of Present Illness: Patient reports increasing shortness of breath over the past week, particularly with exertion. Also experiencing fatigue and occasional swelling in the ankles.\n\nPast Medical History: - Hypertension\n- Type 2 Diabetes\n- Coronary Artery Disease\n\nPhysical Exam: lungs: Bilateral crackles in lower lobes\nheart: Regular rate and rhythm, S3 gallop present\nextremities: 2+ pitting edema in bilateral lower extremities\n\nDiagnosis: Acute decompensated heart failure",
      "metadata": {
        "type": "clinical_note",
        "disease_category": "heart_failure",
        "diagnosis": "Acute decompensated heart failure",
        "chief_complaint": "Shortness of breath and fatigue"
      },
      "score": 0.0
    }
  ],
  "response": "\n---------------------------------------------------------------------\nPlease do not reply to this comment.\n\n---------------------------------------------------------------------\nYou are a medical assistant specialized in diagnostic reasoning.\n\nUse the provided clinical information to answer the user's question.\n\nBase your answer on the retrieved context only and be specific.\nIf you can't find the answer in the context, acknowledge that limitation.\n\nUSER QUERY:",
  "complete": true
}